record_id,source_id,source_short,alloy,heat,material_family,product_form,is_weld,zone,weld_process,filler_metal,ferrite_number,hydrogen_exposure,h2_pressure_MPa,hydrogen_content_wppm,charging_time_h,test_temperature_K,test_temperature_C,strain_rate_per_s,test_type,property_name,reference_environment,property_reference,property_h2,relative_ratio,embrittlement_flag,C_wt_pct,Si_wt_pct,Mn_wt_pct,Cr_wt_pct,Ni_wt_pct,Mo_wt_pct,N_wt_pct,Cu_wt_pct,Nb_wt_pct,Ti_wt_pct,composition_basis,composition_source,ni_equivalent,ni_equivalent_reported,md30_calculated,derived_assumptions,derived,verified,notes
IYER89-EL,S7,Iyer 1989,304,,300-series (304 type),unknown,no,base metal,,,,gaseous precharge,0.1,350.0,12.0,300.0,26.9,,tensile,elongation,uncharged,43.0,13.0,0.302,significant loss,0.1,0.5,1.5,18.4,10.2,,,,,,heat_analysis,"Iyer, Can. Metall. Q. 28 (1989) 153, section 2",25.17,,1.1,"Mo, N taken as 0 for the derived values",relative_ratio;ni_equivalent;md30_calculated,no,"Iyer, Canadian Metallurgical Quarterly 1989. Stable 304; charged by soaking at 1050 C in Ar-3%H2 slightly above atmospheric pressure for 12 h (350 wppm), water quenched, tested at 27 C. Reference = annealed, 5 wppm. Strengths converted from kg/mm2 at 9.807 MPa per kg/mm2."
IYER89-TS,S7,Iyer 1989,304,,300-series (304 type),unknown,no,base metal,,,,gaseous precharge,0.1,350.0,12.0,300.0,26.9,,tensile,tensile strength,uncharged,508.0,472.0,0.929,moderate loss,0.1,0.5,1.5,18.4,10.2,,,,,,heat_analysis,"Iyer, Can. Metall. Q. 28 (1989) 153, section 2",25.17,,1.1,"Mo, N taken as 0 for the derived values",relative_ratio;ni_equivalent;md30_calculated,no,"Iyer, Canadian Metallurgical Quarterly 1989. Stable 304; charged by soaking at 1050 C in Ar-3%H2 slightly above atmospheric pressure for 12 h (350 wppm), water quenched, tested at 27 C. Reference = annealed, 5 wppm. Strengths converted from kg/mm2 at 9.807 MPa per kg/mm2."
MATSUOKA17-304-RA,S9,Matsuoka 2017,304,,300-series (304 type),unknown,no,base metal,,,,gaseous in-situ,96.5,,,295.0,21.9,,SSRT,reduction of area,air,,,0.37,significant loss,,,,,,,,,,,,,,,,,h2_pressure_MPa (midpoint of 78-115 MPa range),no,"Matsuoka et al., Solid State Phenomena 258 (2017) 259. SSRT per ASTM G142, 6 mm dia, 30 mm gauge, cross-head 0.002 mm/s, hydrogen gas 78-115 MPa (96.5 recorded as the midpoint), reference air at RT. RRA = 0.37 stated in the text; absolute RA values appear only in figures. Remaining RRA vs Nieq data is figure-only."
CASKEY-T10-1-EL,S1,Caskey 1983,304L,,300-series (304 type),unknown,no,base metal,,,,gaseous precharge,69.0,,,295.0,21.9,,tensile,elongation,uncharged,32,35,1.094,no measurable loss,0.03,0.43,1.57,18.35,10.29,0.17,,,,,heat_analysis,Caskey DP-1643 Appendix D Data Sheet D-1,24.56,,30.2,N taken as 0 for the derived values,relative_ratio;ni_equivalent;md30_calculated,no,"Caskey Table 10, HERF; total elongation barely changed while plastic strain to fracture halved Composition from Caskey Table A-1 (nominal)."
CASKEY-T10-1-PS,S1,Caskey 1983,304L,,300-series (304 type),unknown,no,base metal,,,,gaseous precharge,69.0,,,295.0,21.9,,tensile,plastic strain to failure,uncharged,1.83,0.87,0.475,significant loss,0.03,0.43,1.57,18.35,10.29,0.17,,,,,heat_analysis,Caskey DP-1643 Appendix D Data Sheet D-1,24.56,,30.2,N taken as 0 for the derived values,relative_ratio;ni_equivalent;md30_calculated,no,"Caskey Table 10, HERF condition; 69 MPa H2 at 480 K for 55 days; reference = unexposed Composition from Caskey Table A-1 (nominal)."
CASKEY-T3-1-EL,S1,Caskey 1983,304L,,300-series (304 type),unknown,no,base metal,,,,gaseous in-situ,69.0,,,295.0,21.9,,tensile,elongation,helium,74.0,48.0,0.649,significant loss,0.03,0.43,1.57,18.35,10.29,0.17,,,,,heat_analysis,Caskey DP-1643 Appendix D Data Sheet D-1,24.56,,30.2,N taken as 0 for the derived values,relative_ratio;ni_equivalent;md30_calculated,yes,"Caskey DP-1643 Table 3. Condition: annealed. Reference environment 69 MPa helium, not air. Composition from Caskey Table A-1 (nominal)."
CASKEY-T3-1-RA,S1,Caskey 1983,304L,,300-series (304 type),unknown,no,base metal,,,,gaseous in-situ,69.0,,,295.0,21.9,,tensile,reduction of area,helium,81.0,33.0,0.407,significant loss,0.03,0.43,1.57,18.35,10.29,0.17,,,,,heat_analysis,Caskey DP-1643 Appendix D Data Sheet D-1,24.56,,30.2,N taken as 0 for the derived values,relative_ratio;ni_equivalent;md30_calculated,yes,"Caskey DP-1643 Table 3. Condition: annealed. Reference environment 69 MPa helium, not air. Composition from Caskey Table A-1 (nominal)."
CASKEY-T3-2-EL,S1,Caskey 1983,304L,,300-series (304 type),unknown,no,base metal,,,,gaseous in-situ,69.0,,,295.0,21.9,,tensile,elongation,helium,43.0,41.0,0.953,no measurable loss,0.03,0.43,1.57,18.35,10.29,0.17,,,,,heat_analysis,Caskey DP-1643 Appendix D Data Sheet D-1,24.56,,30.2,N taken as 0 for the derived values,relative_ratio;ni_equivalent;md30_calculated,yes,"Caskey DP-1643 Table 3. Condition: HERF (high energy rate forged). Reference environment 69 MPa helium, not air. Composition from Caskey Table A-1 (nominal)."
CASKEY-T3-2-RA,S1,Caskey 1983,304L,,300-series (304 type),unknown,no,base metal,,,,gaseous in-situ,69.0,,,295.0,21.9,,tensile,reduction of area,helium,77.0,69.0,0.896,moderate loss,0.03,0.43,1.57,18.35,10.29,0.17,,,,,heat_analysis,Caskey DP-1643 Appendix D Data Sheet D-1,24.56,,30.2,N taken as 0 for the derived values,relative_ratio;ni_equivalent;md30_calculated,yes,"Caskey DP-1643 Table 3. Condition: HERF (high energy rate forged). Reference environment 69 MPa helium, not air. Composition from Caskey Table A-1 (nominal)."
CASKEY-T6-1-PS,S1,Caskey 1983,304L,,300-series (304 type),unknown,no,base metal,,,,gaseous precharge,69.0,,,295.0,21.9,,tensile,plastic strain to failure,uncharged,1.43,0.37,0.259,significant loss,0.03,0.43,1.57,18.35,10.29,0.17,,,,,heat_analysis,Caskey DP-1643 Appendix D Data Sheet D-1,24.56,,30.2,N taken as 0 for the derived values,relative_ratio;ni_equivalent;md30_calculated,no,"Caskey Table 6, smooth specimen; reference = annealed in argon Composition from Caskey Table A-1 (nominal)."
CASKEY-T6-1-TS,S1,Caskey 1983,304L,,300-series (304 type),unknown,no,base metal,,,,gaseous precharge,69.0,,,295.0,21.9,,tensile,tensile strength,uncharged,600,530,0.883,moderate loss,0.03,0.43,1.57,18.35,10.29,0.17,,,,,heat_analysis,Caskey DP-1643 Appendix D Data Sheet D-1,24.56,,30.2,N taken as 0 for the derived values,relative_ratio;ni_equivalent;md30_calculated,no,"Caskey Table 6, smooth specimen; hydrogen gas 69 MPa, 200 days at 380 K; reference = annealed 200 d at 380 K in argon Composition from Caskey Table A-1 (nominal)."
CASKEY-T6-2-PS,S1,Caskey 1983,304L,,300-series (304 type),unknown,no,base metal,,,,gaseous precharge,69.0,,,295.0,21.9,,tensile,plastic strain to failure,uncharged,0.24,0.13,0.542,significant loss,0.03,0.43,1.57,18.35,10.29,0.17,,,,,heat_analysis,Caskey DP-1643 Appendix D Data Sheet D-1,24.56,,30.2,N taken as 0 for the derived values,relative_ratio;ni_equivalent;md30_calculated,no,"Caskey Table 6, notched specimen; reference = annealed in argon Composition from Caskey Table A-1 (nominal)."
CASKEY-T6-2-TS,S1,Caskey 1983,304L,,300-series (304 type),unknown,no,base metal,,,,gaseous precharge,69.0,,,295.0,21.9,,tensile,notched tensile strength,uncharged,710,580,0.817,moderate loss,0.03,0.43,1.57,18.35,10.29,0.17,,,,,heat_analysis,Caskey DP-1643 Appendix D Data Sheet D-1,24.56,,30.2,N taken as 0 for the derived values,relative_ratio;ni_equivalent;md30_calculated,no,"Caskey Table 6, notched specimen; reference = annealed in argon Composition from Caskey Table A-1 (nominal)."
SAND2012-ch2101-T3111-1,S2,San Marchi 2012,304L,W69,300-series (304 type),unknown,no,base metal,,,,gaseous in-situ,69.0,,,295.0,21.9,0.00067,tensile,reduction of area,helium,78.0,71.0,0.91,moderate loss,0.2,0.49,1.78,18.5,9.78,0.09,,0.1,,,heat_analysis,SAND2012-7321 chapter 2101 Table 1.1.1,26.45,,,N taken as 0 for the derived values,relative_ratio;ni_equivalent,no,"SAND2012-7321 (San Marchi & Somerday), chapter 2101 Table 3.1.1.1. Annealed; external 69 MPa H2 vs 69 MPa He. Ref [15,23]."
SAND2012-ch2101-T3111-2,S2,San Marchi 2012,304L,,300-series (304 type),unknown,no,base metal,,,,gaseous in-situ,34.0,,24.0,295.0,21.9,,tensile,reduction of area,air,60.0,46.0,0.767,significant loss,,,,,,,,,,,,,,,,,relative_ratio,no,"SAND2012-7321 (San Marchi & Somerday), chapter 2101 Table 3.1.1.1. Held at test pressure 24 h before loading. Ref [15]."
SAND2012-ch2101-T3111-3,S2,San Marchi 2012,304L,,300-series (304 type),unknown,no,base metal,,,,gaseous in-situ,69.0,,24.0,295.0,21.9,,tensile,reduction of area,air,60.0,44.0,0.733,significant loss,,,,,,,,,,,,,,,,,relative_ratio,no,"SAND2012-7321 (San Marchi & Somerday), chapter 2101 Table 3.1.1.1. Held at test pressure 24 h before loading. Ref [15]."
SAND2012-ch2101-T3111-4,S2,San Marchi 2012,304L,O76,300-series (304 type),plate,no,base metal,,,,gaseous precharge,69.0,55.0,240.0,295.0,21.9,0.003,tensile,reduction of area,air,77.0,32.0,0.416,significant loss,0.026,0.63,1.51,19.1,9.41,,,,,,heat_analysis,SAND2012-7321 chapter 2101 Table 1.1.1,23.96,,31.9,"Mo, N taken as 0 for the derived values",relative_ratio;ni_equivalent;md30_calculated,no,"SAND2012-7321 (San Marchi & Somerday), chapter 2101 Table 3.1.1.1. Annealed plate; precharged 24.1 MPa H2, 473 K, 240 h (55 wppm surface) then tested in 69 MPa H2. Ref [5]."
SAND2012-ch2101-T3111-5,S2,San Marchi 2012,304L,,300-series (304 type),unknown,no,base metal,,,,gaseous in-situ,69.0,,,295.0,21.9,,tensile,reduction of area,helium,81.0,33.0,0.407,significant loss,0.03,0.43,1.57,18.35,10.29,0.17,,,,,heat_analysis,SAND2012-7321 chapter 2101 Table 1.1.1,24.56,,30.2,N taken as 0 for the derived values,relative_ratio;ni_equivalent;md30_calculated,no,"SAND2012-7321 (San Marchi & Somerday), chapter 2101 Table 3.1.1.1. 69 MPa H2 vs 69 MPa He. Ref [4,25]. NOTE: matches Caskey DP-1643 Table 3 annealed 304L; the condition is annealed, not HERF."
YOUNES13-EB-110,S6,Younes 2013,304L EB weld,,300-series (304 type),weld,yes,weld metal,EBW,,,gaseous precharge,,110.0,,295.0,21.9,,tensile,reduction of area,uncharged,,,0.61,significant loss,,0.4,1.7,18.6,10.3,,,,,,heat_analysis,"Younes et al., Int. J. Hydrogen Energy 38 (2013) 4864, Table 1",,,,,relative_ratio,no,"Younes et al., Int. J. Hydrogen Energy 38 (2013) 4864. Table 4. 304L tube, thermally charged in hydrogen gas to the stated content; RA loss reported rather than absolute values, so relative_ratio = 1 - loss/100. 304L electron-beam weld, 110 wppm hydrogen, RA loss 39%."
YOUNES13-EB-160,S6,Younes 2013,304L EB weld,,300-series (304 type),weld,yes,weld metal,EBW,,,gaseous precharge,,160.0,,295.0,21.9,,tensile,reduction of area,uncharged,,,0.49,significant loss,,0.4,1.7,18.6,10.3,,,,,,heat_analysis,"Younes et al., Int. J. Hydrogen Energy 38 (2013) 4864, Table 1",,,,,relative_ratio,no,"Younes et al., Int. J. Hydrogen Energy 38 (2013) 4864. Table 4. 304L tube, thermally charged in hydrogen gas to the stated content; RA loss reported rather than absolute values, so relative_ratio = 1 - loss/100. 304L electron-beam weld, 160 wppm hydrogen, RA loss 51%."
YOUNES13-EB-57,S6,Younes 2013,304L EB weld,,300-series (304 type),weld,yes,weld metal,EBW,,,gaseous precharge,,57.0,,295.0,21.9,,tensile,reduction of area,uncharged,,,0.8,moderate loss,,0.4,1.7,18.6,10.3,,,,,,heat_analysis,"Younes et al., Int. J. Hydrogen Energy 38 (2013) 4864, Table 1",,,,,relative_ratio,no,"Younes et al., Int. J. Hydrogen Energy 38 (2013) 4864. Table 4. 304L tube, thermally charged in hydrogen gas to the stated content; RA loss reported rather than absolute values, so relative_ratio = 1 - loss/100. 304L electron-beam weld, 57 wppm hydrogen, RA loss 20%."
YOUNES13-TIG-110,S6,Younes 2013,304L TIG weld,,300-series (304 type),weld,yes,weld metal,GTAW,,,gaseous precharge,,110.0,,295.0,21.9,,tensile,reduction of area,uncharged,,,0.47,significant loss,0.02,0.38,1.7,19.8,10.4,0.01,0.04,0.04,0.01,0.01,heat_analysis,"Younes et al., Int. J. Hydrogen Energy 38 (2013) 4864, Table 1",25.45,,-2.2,,relative_ratio;ni_equivalent;md30_calculated,no,"Younes et al., Int. J. Hydrogen Energy 38 (2013) 4864. Table 4. 304L tube, thermally charged in hydrogen gas to the stated content; RA loss reported rather than absolute values, so relative_ratio = 1 - loss/100. 304L TIG weld, 110 wppm hydrogen, RA loss 53%."
YOUNES13-TIG-160,S6,Younes 2013,304L TIG weld,,300-series (304 type),weld,yes,weld metal,GTAW,,,gaseous precharge,,160.0,,295.0,21.9,,tensile,reduction of area,uncharged,,,0.35,significant loss,0.02,0.38,1.7,19.8,10.4,0.01,0.04,0.04,0.01,0.01,heat_analysis,"Younes et al., Int. J. Hydrogen Energy 38 (2013) 4864, Table 1",25.45,,-2.2,,relative_ratio;ni_equivalent;md30_calculated,no,"Younes et al., Int. J. Hydrogen Energy 38 (2013) 4864. Table 4. 304L tube, thermally charged in hydrogen gas to the stated content; RA loss reported rather than absolute values, so relative_ratio = 1 - loss/100. 304L TIG weld, 160 wppm hydrogen, RA loss 65%."
YOUNES13-TIG-57,S6,Younes 2013,304L TIG weld,,300-series (304 type),weld,yes,weld metal,GTAW,,,gaseous precharge,,57.0,,295.0,21.9,,tensile,reduction of area,uncharged,,,0.59,significant loss,0.02,0.38,1.7,19.8,10.4,0.01,0.04,0.04,0.01,0.01,heat_analysis,"Younes et al., Int. J. Hydrogen Energy 38 (2013) 4864, Table 1",25.45,,-2.2,,relative_ratio;ni_equivalent;md30_calculated,no,"Younes et al., Int. J. Hydrogen Energy 38 (2013) 4864. Table 4. 304L tube, thermally charged in hydrogen gas to the stated content; RA loss reported rather than absolute values, so relative_ratio = 1 - loss/100. 304L TIG weld, 57 wppm hydrogen, RA loss 41%."
YOUNES13-BASE-110,S6,Younes 2013,304L base metal,,300-series (304 type),tube,no,base metal,,,,gaseous precharge,,110.0,,295.0,21.9,,tensile,reduction of area,uncharged,,,0.63,significant loss,0.02,0.4,1.65,18.7,10.5,0.01,0.05,0.03,,,heat_analysis,"Younes et al., Int. J. Hydrogen Energy 38 (2013) 4864, Table 1",24.79,,7.5,,relative_ratio;ni_equivalent;md30_calculated,no,"Younes et al., Int. J. Hydrogen Energy 38 (2013) 4864. Table 4. 304L tube, thermally charged in hydrogen gas to the stated content; RA loss reported rather than absolute values, so relative_ratio = 1 - loss/100. 304L base metal, 110 wppm hydrogen, RA loss 37%."
YOUNES13-BASE-160,S6,Younes 2013,304L base metal,,300-series (304 type),tube,no,base metal,,,,gaseous precharge,,160.0,,295.0,21.9,,tensile,reduction of area,uncharged,,,0.52,significant loss,0.02,0.4,1.65,18.7,10.5,0.01,0.05,0.03,,,heat_analysis,"Younes et al., Int. J. Hydrogen Energy 38 (2013) 4864, Table 1",24.79,,7.5,,relative_ratio;ni_equivalent;md30_calculated,no,"Younes et al., Int. J. Hydrogen Energy 38 (2013) 4864. Table 4. 304L tube, thermally charged in hydrogen gas to the stated content; RA loss reported rather than absolute values, so relative_ratio = 1 - loss/100. 304L base metal, 160 wppm hydrogen, RA loss 48%."
YOUNES13-BASE-57,S6,Younes 2013,304L base metal,,300-series (304 type),tube,no,base metal,,,,gaseous precharge,,57.0,,295.0,21.9,,tensile,reduction of area,uncharged,,,0.81,moderate loss,0.02,0.4,1.65,18.7,10.5,0.01,0.05,0.03,,,heat_analysis,"Younes et al., Int. J. Hydrogen Energy 38 (2013) 4864, Table 1",24.79,,7.5,,relative_ratio;ni_equivalent;md30_calculated,no,"Younes et al., Int. J. Hydrogen Energy 38 (2013) 4864. Table 4. 304L tube, thermally charged in hydrogen gas to the stated content; RA loss reported rather than absolute values, so relative_ratio = 1 - loss/100. 304L base metal, 57 wppm hydrogen, RA loss 19%."
BALCH15-LONG-CENTER-EL,S3,Balch 2015,304L/308L weld,,300-series (304 type),weld,yes,weld metal,GTAW,ER308L,,gaseous precharge,138.0,139.0,336.0,295.0,21.9,0.00076,tensile,elongation,uncharged,44.0,28.0,0.636,significant loss,0.028,0.5,1.56,20.5,10.3,0.01,0.055,,,,heat_analysis,Balch et al. PVP2015-45591 Table 1,25.8,26.49,-21.5,,relative_ratio;ni_equivalent;md30_calculated,yes,"Balch et al. PVP2015-45591 Table 3. Multipass GTA weld, gage section 100% weld deposit; longitudinal orientation, center of weld. Precharged 300 C, 138 MPa H2, 2 weeks -> 7700 appm (about 139 wt ppm). Composition is the 308L filler wire; 304L base metal 19.25Cr-10.25Ni."
BALCH15-LONG-CENTER-RA,S3,Balch 2015,304L/308L weld,,300-series (304 type),weld,yes,weld metal,GTAW,ER308L,,gaseous precharge,138.0,139.0,336.0,295.0,21.9,0.00076,tensile,reduction of area,uncharged,78.0,34.0,0.436,significant loss,0.028,0.5,1.56,20.5,10.3,0.01,0.055,,,,heat_analysis,Balch et al. PVP2015-45591 Table 1,25.8,26.49,-21.5,,relative_ratio;ni_equivalent;md30_calculated,yes,"Balch et al. PVP2015-45591 Table 3. Multipass GTA weld, gage section 100% weld deposit; longitudinal orientation, center of weld. Precharged 300 C, 138 MPa H2, 2 weeks -> 7700 appm (about 139 wt ppm). Composition is the 308L filler wire; 304L base metal 19.25Cr-10.25Ni."
BALCH15-LONG-ROOT-EL,S3,Balch 2015,304L/308L weld,,300-series (304 type),weld,yes,weld metal,GTAW,ER308L,,gaseous precharge,138.0,139.0,336.0,295.0,21.9,0.00076,tensile,elongation,uncharged,38.0,21.0,0.553,significant loss,0.028,0.5,1.56,20.5,10.3,0.01,0.055,,,,heat_analysis,Balch et al. PVP2015-45591 Table 1,25.8,26.49,-21.5,,relative_ratio;ni_equivalent;md30_calculated,yes,"Balch et al. PVP2015-45591 Table 3. Multipass GTA weld, gage section 100% weld deposit; longitudinal orientation, root of weld. Precharged 300 C, 138 MPa H2, 2 weeks -> 7700 appm (about 139 wt ppm). Composition is the 308L filler wire; 304L base metal 19.25Cr-10.25Ni."
BALCH15-LONG-ROOT-RA,S3,Balch 2015,304L/308L weld,,300-series (304 type),weld,yes,weld metal,GTAW,ER308L,,gaseous precharge,138.0,139.0,336.0,295.0,21.9,0.00076,tensile,reduction of area,uncharged,78.0,28.0,0.359,significant loss,0.028,0.5,1.56,20.5,10.3,0.01,0.055,,,,heat_analysis,Balch et al. PVP2015-45591 Table 1,25.8,26.49,-21.5,,relative_ratio;ni_equivalent;md30_calculated,yes,"Balch et al. PVP2015-45591 Table 3. Multipass GTA weld, gage section 100% weld deposit; longitudinal orientation, root of weld. Precharged 300 C, 138 MPa H2, 2 weeks -> 7700 appm (about 139 wt ppm). Composition is the 308L filler wire; 304L base metal 19.25Cr-10.25Ni."
BALCH15-LONG-TOP-EL,S3,Balch 2015,304L/308L weld,,300-series (304 type),weld,yes,weld metal,GTAW,ER308L,,gaseous precharge,138.0,139.0,336.0,295.0,21.9,0.00076,tensile,elongation,uncharged,56.0,28.0,0.5,significant loss,0.028,0.5,1.56,20.5,10.3,0.01,0.055,,,,heat_analysis,Balch et al. PVP2015-45591 Table 1,25.8,26.49,-21.5,,relative_ratio;ni_equivalent;md30_calculated,yes,"Balch et al. PVP2015-45591 Table 3. Multipass GTA weld, gage section 100% weld deposit; longitudinal orientation, top of weld. Precharged 300 C, 138 MPa H2, 2 weeks -> 7700 appm (about 139 wt ppm). Composition is the 308L filler wire; 304L base metal 19.25Cr-10.25Ni."
BALCH15-LONG-TOP-RA,S3,Balch 2015,304L/308L weld,,300-series (304 type),weld,yes,weld metal,GTAW,ER308L,,gaseous precharge,138.0,139.0,336.0,295.0,21.9,0.00076,tensile,reduction of area,uncharged,77.0,40.0,0.519,significant loss,0.028,0.5,1.56,20.5,10.3,0.01,0.055,,,,heat_analysis,Balch et al. PVP2015-45591 Table 1,25.8,26.49,-21.5,,relative_ratio;ni_equivalent;md30_calculated,yes,"Balch et al. PVP2015-45591 Table 3. Multipass GTA weld, gage section 100% weld deposit; longitudinal orientation, top of weld. Precharged 300 C, 138 MPa H2, 2 weeks -> 7700 appm (about 139 wt ppm). Composition is the 308L filler wire; 304L base metal 19.25Cr-10.25Ni."
BALCH15-TRAN-CENTER-EL,S3,Balch 2015,304L/308L weld,,300-series (304 type),weld,yes,weld metal,GTAW,ER308L,,gaseous precharge,138.0,139.0,336.0,295.0,21.9,0.00076,tensile,elongation,uncharged,43.0,24.0,0.558,significant loss,0.028,0.5,1.56,20.5,10.3,0.01,0.055,,,,heat_analysis,Balch et al. PVP2015-45591 Table 1,25.8,26.49,-21.5,,relative_ratio;ni_equivalent;md30_calculated,yes,"Balch et al. PVP2015-45591 Table 3. Multipass GTA weld, gage section 100% weld deposit; transverse orientation, center of weld. Precharged 300 C, 138 MPa H2, 2 weeks -> 7700 appm (about 139 wt ppm). Composition is the 308L filler wire; 304L base metal 19.25Cr-10.25Ni."
BALCH15-TRAN-CENTER-RA,S3,Balch 2015,304L/308L weld,,300-series (304 type),weld,yes,weld metal,GTAW,ER308L,,gaseous precharge,138.0,139.0,336.0,295.0,21.9,0.00076,tensile,reduction of area,uncharged,80.0,34.0,0.425,significant loss,0.028,0.5,1.56,20.5,10.3,0.01,0.055,,,,heat_analysis,Balch et al. PVP2015-45591 Table 1,25.8,26.49,-21.5,,relative_ratio;ni_equivalent;md30_calculated,yes,"Balch et al. PVP2015-45591 Table 3. Multipass GTA weld, gage section 100% weld deposit; transverse orientation, center of weld. Precharged 300 C, 138 MPa H2, 2 weeks -> 7700 appm (about 139 wt ppm). Composition is the 308L filler wire; 304L base metal 19.25Cr-10.25Ni."
BALCH15-TRAN-ROOT-EL,S3,Balch 2015,304L/308L weld,,300-series (304 type),weld,yes,weld metal,GTAW,ER308L,,gaseous precharge,138.0,139.0,336.0,295.0,21.9,0.00076,tensile,elongation,uncharged,38.0,24.0,0.632,significant loss,0.028,0.5,1.56,20.5,10.3,0.01,0.055,,,,heat_analysis,Balch et al. PVP2015-45591 Table 1,25.8,26.49,-21.5,,relative_ratio;ni_equivalent;md30_calculated,yes,"Balch et al. PVP2015-45591 Table 3. Multipass GTA weld, gage section 100% weld deposit; transverse orientation, root of weld. Precharged 300 C, 138 MPa H2, 2 weeks -> 7700 appm (about 139 wt ppm). Composition is the 308L filler wire; 304L base metal 19.25Cr-10.25Ni."
BALCH15-TRAN-ROOT-RA,S3,Balch 2015,304L/308L weld,,300-series (304 type),weld,yes,weld metal,GTAW,ER308L,,gaseous precharge,138.0,139.0,336.0,295.0,21.9,0.00076,tensile,reduction of area,uncharged,83.0,41.0,0.494,significant loss,0.028,0.5,1.56,20.5,10.3,0.01,0.055,,,,heat_analysis,Balch et al. PVP2015-45591 Table 1,25.8,26.49,-21.5,,relative_ratio;ni_equivalent;md30_calculated,yes,"Balch et al. PVP2015-45591 Table 3. Multipass GTA weld, gage section 100% weld deposit; transverse orientation, root of weld. Precharged 300 C, 138 MPa H2, 2 weeks -> 7700 appm (about 139 wt ppm). Composition is the 308L filler wire; 304L base metal 19.25Cr-10.25Ni."
BALCH15-TRAN-TOP-EL,S3,Balch 2015,304L/308L weld,,300-series (304 type),weld,yes,weld metal,GTAW,ER308L,,gaseous precharge,138.0,139.0,336.0,295.0,21.9,0.00076,tensile,elongation,uncharged,54.0,33.0,0.611,significant loss,0.028,0.5,1.56,20.5,10.3,0.01,0.055,,,,heat_analysis,Balch et al. PVP2015-45591 Table 1,25.8,26.49,-21.5,,relative_ratio;ni_equivalent;md30_calculated,yes,"Balch et al. PVP2015-45591 Table 3. Multipass GTA weld, gage section 100% weld deposit; transverse orientation, top of weld. Precharged 300 C, 138 MPa H2, 2 weeks -> 7700 appm (about 139 wt ppm). Composition is the 308L filler wire; 304L base metal 19.25Cr-10.25Ni."
BALCH15-TRAN-TOP-RA,S3,Balch 2015,304L/308L weld,,300-series (304 type),weld,yes,weld metal,GTAW,ER308L,,gaseous precharge,138.0,139.0,336.0,295.0,21.9,0.00076,tensile,reduction of area,uncharged,82.0,38.0,0.463,significant loss,0.028,0.5,1.56,20.5,10.3,0.01,0.055,,,,heat_analysis,Balch et al. PVP2015-45591 Table 1,25.8,26.49,-21.5,,relative_ratio;ni_equivalent;md30_calculated,yes,"Balch et al. PVP2015-45591 Table 3. Multipass GTA weld, gage section 100% weld deposit; transverse orientation, top of weld. Precharged 300 C, 138 MPa H2, 2 weeks -> 7700 appm (about 139 wt ppm). Composition is the 308L filler wire; 304L base metal 19.25Cr-10.25Ni."
SAND2012-ch2101-T431-W1-EL,S2,San Marchi 2012,304L/308L weld,,300-series (304 type),weld,yes,whole joint,GTAW,ER308L,,gaseous in-situ,69.0,,,295.0,21.9,0.00033,tensile,elongation,air,23.0,23.0,1.0,no measurable loss,0.02,0.56,1.8,19.8,10.4,,0.04,,,,heat_analysis,SAND2012-7321 chapter 2101 Table 1.1.1,25.61,,-4.5,Mo taken as 0 for the derived values,relative_ratio;ni_equivalent;md30_calculated,no,"SAND2012-7321 chapter 2101 Table 4.3.1. 304L HERF back-extrusion, double-J groove, 8-10 GTA passes, 308L filler; gauge contains base metal, HAZ and fusion zone. Ref [20,21]. external 69 MPa H2, no precharge"
SAND2012-ch2101-T431-W1-RA,S2,San Marchi 2012,304L/308L weld,,300-series (304 type),weld,yes,whole joint,GTAW,ER308L,,gaseous in-situ,69.0,,,295.0,21.9,0.00033,tensile,reduction of area,air,64.0,54.0,0.844,moderate loss,0.02,0.56,1.8,19.8,10.4,,0.04,,,,heat_analysis,SAND2012-7321 chapter 2101 Table 1.1.1,25.61,,-4.5,Mo taken as 0 for the derived values,relative_ratio;ni_equivalent;md30_calculated,no,"SAND2012-7321 chapter 2101 Table 4.3.1. 304L HERF back-extrusion, double-J groove, 8-10 GTA passes, 308L filler; gauge contains base metal, HAZ and fusion zone. Ref [20,21]. external 69 MPa H2, no precharge"
SAND2012-ch2101-T431-W2-EL,S2,San Marchi 2012,304L/308L weld,,300-series (304 type),weld,yes,whole joint,GTAW,ER308L,,gaseous in-situ,172.0,,,295.0,21.9,0.00033,tensile,elongation,air,23.0,19.0,0.826,moderate loss,0.02,0.56,1.8,19.8,10.4,,0.04,,,,heat_analysis,SAND2012-7321 chapter 2101 Table 1.1.1,25.61,,-4.5,Mo taken as 0 for the derived values,relative_ratio;ni_equivalent;md30_calculated,no,"SAND2012-7321 chapter 2101 Table 4.3.1. 304L HERF back-extrusion, double-J groove, 8-10 GTA passes, 308L filler; gauge contains base metal, HAZ and fusion zone. Ref [20,21]. external 172 MPa H2, no precharge"
SAND2012-ch2101-T431-W2-RA,S2,San Marchi 2012,304L/308L weld,,300-series (304 type),weld,yes,whole joint,GTAW,ER308L,,gaseous in-situ,172.0,,,295.0,21.9,0.00033,tensile,reduction of area,air,64.0,48.0,0.75,significant loss,0.02,0.56,1.8,19.8,10.4,,0.04,,,,heat_analysis,SAND2012-7321 chapter 2101 Table 1.1.1,25.61,,-4.5,Mo taken as 0 for the derived values,relative_ratio;ni_equivalent;md30_calculated,no,"SAND2012-7321 chapter 2101 Table 4.3.1. 304L HERF back-extrusion, double-J groove, 8-10 GTA passes, 308L filler; gauge contains base metal, HAZ and fusion zone. Ref [20,21]. external 172 MPa H2, no precharge"
SAND2012-ch2101-T431-W3-EL,S2,San Marchi 2012,304L/308L weld,,300-series (304 type),weld,yes,whole joint,GTAW,ER308L,,gaseous precharge,0.1,45.0,240.0,295.0,21.9,0.00033,tensile,elongation,air,23.0,17.0,0.739,significant loss,0.02,0.56,1.8,19.8,10.4,,0.04,,,,heat_analysis,SAND2012-7321 chapter 2101 Table 1.1.1,25.61,,-4.5,Mo taken as 0 for the derived values,relative_ratio;ni_equivalent;md30_calculated,no,"SAND2012-7321 chapter 2101 Table 4.3.1. 304L HERF back-extrusion, double-J groove, 8-10 GTA passes, 308L filler; gauge contains base metal, HAZ and fusion zone. Ref [20,21]. precharged 24 MPa H2 473 K 240 h (45-4 wppm), tested in air"
SAND2012-ch2101-T431-W3-RA,S2,San Marchi 2012,304L/308L weld,,300-series (304 type),weld,yes,whole joint,GTAW,ER308L,,gaseous precharge,0.1,45.0,240.0,295.0,21.9,0.00033,tensile,reduction of area,air,64.0,44.0,0.688,significant loss,0.02,0.56,1.8,19.8,10.4,,0.04,,,,heat_analysis,SAND2012-7321 chapter 2101 Table 1.1.1,25.61,,-4.5,Mo taken as 0 for the derived values,relative_ratio;ni_equivalent;md30_calculated,no,"SAND2012-7321 chapter 2101 Table 4.3.1. 304L HERF back-extrusion, double-J groove, 8-10 GTA passes, 308L filler; gauge contains base metal, HAZ and fusion zone. Ref [20,21]. precharged 24 MPa H2 473 K 240 h (45-4 wppm), tested in air"
SAND2012-ch2101-T431-W4-EL,S2,San Marchi 2012,304L/308L weld,,300-series (304 type),weld,yes,whole joint,GTAW,ER308L,,gaseous precharge,69.0,45.0,240.0,295.0,21.9,0.00033,tensile,elongation,air,23.0,16.0,0.696,significant loss,0.02,0.56,1.8,19.8,10.4,,0.04,,,,heat_analysis,SAND2012-7321 chapter 2101 Table 1.1.1,25.61,,-4.5,Mo taken as 0 for the derived values,relative_ratio;ni_equivalent;md30_calculated,no,"SAND2012-7321 chapter 2101 Table 4.3.1. 304L HERF back-extrusion, double-J groove, 8-10 GTA passes, 308L filler; gauge contains base metal, HAZ and fusion zone. Ref [20,21]. precharged 24 MPa, tested in 69 MPa H2"
SAND2012-ch2101-T431-W4-RA,S2,San Marchi 2012,304L/308L weld,,300-series (304 type),weld,yes,whole joint,GTAW,ER308L,,gaseous precharge,69.0,45.0,240.0,295.0,21.9,0.00033,tensile,reduction of area,air,64.0,41.0,0.641,significant loss,0.02,0.56,1.8,19.8,10.4,,0.04,,,,heat_analysis,SAND2012-7321 chapter 2101 Table 1.1.1,25.61,,-4.5,Mo taken as 0 for the derived values,relative_ratio;ni_equivalent;md30_calculated,no,"SAND2012-7321 chapter 2101 Table 4.3.1. 304L HERF back-extrusion, double-J groove, 8-10 GTA passes, 308L filler; gauge contains base metal, HAZ and fusion zone. Ref [20,21]. precharged 24 MPa, tested in 69 MPa H2"
SAND2012-ch2101-T431-W5-EL,S2,San Marchi 2012,304L/308L weld,,300-series (304 type),weld,yes,whole joint,GTAW,ER308L,,gaseous precharge,0.1,72.0,240.0,295.0,21.9,0.00033,tensile,elongation,air,23.0,13.0,0.565,significant loss,0.02,0.56,1.8,19.8,10.4,,0.04,,,,heat_analysis,SAND2012-7321 chapter 2101 Table 1.1.1,25.61,,-4.5,Mo taken as 0 for the derived values,relative_ratio;ni_equivalent;md30_calculated,no,"SAND2012-7321 chapter 2101 Table 4.3.1. 304L HERF back-extrusion, double-J groove, 8-10 GTA passes, 308L filler; gauge contains base metal, HAZ and fusion zone. Ref [20,21]. precharged 69 MPa H2 473 K 240 h (72-7 wppm), tested in air"
SAND2012-ch2101-T431-W5-RA,S2,San Marchi 2012,304L/308L weld,,300-series (304 type),weld,yes,whole joint,GTAW,ER308L,,gaseous precharge,0.1,72.0,240.0,295.0,21.9,0.00033,tensile,reduction of area,air,64.0,34.0,0.531,significant loss,0.02,0.56,1.8,19.8,10.4,,0.04,,,,heat_analysis,SAND2012-7321 chapter 2101 Table 1.1.1,25.61,,-4.5,Mo taken as 0 for the derived values,relative_ratio;ni_equivalent;md30_calculated,no,"SAND2012-7321 chapter 2101 Table 4.3.1. 304L HERF back-extrusion, double-J groove, 8-10 GTA passes, 308L filler; gauge contains base metal, HAZ and fusion zone. Ref [20,21]. precharged 69 MPa H2 473 K 240 h (72-7 wppm), tested in air"
SAND2012-ch2101-T431-W6-EL,S2,San Marchi 2012,304L/308L weld,,300-series (304 type),weld,yes,whole joint,GTAW,ER308L,,gaseous precharge,172.0,72.0,240.0,295.0,21.9,0.00033,tensile,elongation,air,23.0,12.0,0.522,significant loss,0.02,0.56,1.8,19.8,10.4,,0.04,,,,heat_analysis,SAND2012-7321 chapter 2101 Table 1.1.1,25.61,,-4.5,Mo taken as 0 for the derived values,relative_ratio;ni_equivalent;md30_calculated,no,"SAND2012-7321 chapter 2101 Table 4.3.1. 304L HERF back-extrusion, double-J groove, 8-10 GTA passes, 308L filler; gauge contains base metal, HAZ and fusion zone. Ref [20,21]. precharged 69 MPa, tested in 172 MPa H2"
SAND2012-ch2101-T431-W6-RA,S2,San Marchi 2012,304L/308L weld,,300-series (304 type),weld,yes,whole joint,GTAW,ER308L,,gaseous precharge,172.0,72.0,240.0,295.0,21.9,0.00033,tensile,reduction of area,air,64.0,31.0,0.484,significant loss,0.02,0.56,1.8,19.8,10.4,,0.04,,,,heat_analysis,SAND2012-7321 chapter 2101 Table 1.1.1,25.61,,-4.5,Mo taken as 0 for the derived values,relative_ratio;ni_equivalent;md30_calculated,no,"SAND2012-7321 chapter 2101 Table 4.3.1. 304L HERF back-extrusion, double-J groove, 8-10 GTA passes, 308L filler; gauge contains base metal, HAZ and fusion zone. Ref [20,21]. precharged 69 MPa, tested in 172 MPa H2"
SAND2012-ch2101-T432-FN47,S2,San Marchi 2012,304L/308L weld,,300-series (304 type),weld,yes,whole joint,GTAW,ER308L,4.7,gaseous in-situ,69.0,,,295.0,21.9,,tensile,reduction of area,air,40.0,14.0,0.35,significant loss,0.02,0.56,1.8,19.8,10.4,,0.04,,,,heat_analysis,SAND2012-7321 chapter 2101 Table 1.1.1,25.61,,-4.5,Mo taken as 0 for the derived values,relative_ratio;ni_equivalent;md30_calculated,no,"SAND2012-7321 chapter 2101 Table 4.3.2. Notched (V-notch, 45 deg, 3.95 mm min dia, 1.3 mm root radius) composite GTA weld, external 69 MPa H2 vs air. Ref [20]. Ferrite number 4.7."
SAND2012-ch2101-T432-FN85,S2,San Marchi 2012,304L/308L weld,,300-series (304 type),weld,yes,whole joint,GTAW,ER308L,8.5,gaseous in-situ,69.0,,,295.0,21.9,,tensile,reduction of area,air,40.0,17.0,0.425,significant loss,0.02,0.56,1.8,19.8,10.4,,0.04,,,,heat_analysis,SAND2012-7321 chapter 2101 Table 1.1.1,25.61,,-4.5,Mo taken as 0 for the derived values,relative_ratio;ni_equivalent;md30_calculated,no,"SAND2012-7321 chapter 2101 Table 4.3.2. Notched (V-notch, 45 deg, 3.95 mm min dia, 1.3 mm root radius) composite GTA weld, external 69 MPa H2 vs air. Ref [20]. Ferrite number 8.5."
SAND2012-ch2101-T3111-6,S2,San Marchi 2012,304LN,O76N,300-series (304 type),plate,no,base metal,,,,gaseous precharge,69.0,55.0,240.0,295.0,21.9,0.003,tensile,reduction of area,air,72.0,54.0,0.75,significant loss,0.031,0.39,1.73,19.75,8.35,,0.25,,,,heat_analysis,SAND2012-7321 chapter 2101 Table 1.1.1,23.53,,,Mo taken as 0 for the derived values,relative_ratio;ni_equivalent,no,"SAND2012-7321 (San Marchi & Somerday), chapter 2101 Table 3.1.1.1. Nitrogen-bearing 304LN, annealed plate. Ref [5]."
SAND2012-ch2101-T3111-7,S2,San Marchi 2012,304N,,300-series (304 type),unknown,no,base metal,,,,gaseous in-situ,69.0,,,295.0,21.9,,tensile,reduction of area,helium,74.0,54.0,0.73,significant loss,,,,,,,,,,,,,,,,,relative_ratio,no,"SAND2012-7321 (San Marchi & Somerday), chapter 2101 Table 3.1.1.1. Ref [25]."
SAND2012-ch2101-T3111-8,S2,San Marchi 2012,304N,C83N,300-series (304 type),unknown,no,base metal,,,,gaseous precharge,69.0,,1000.0,295.0,21.9,,tensile,reduction of area,air,65.0,46.0,0.708,significant loss,0.06,0.19,1.66,18.37,8.43,0.1,0.25,0.15,,,heat_analysis,SAND2012-7321 chapter 2101 Table 1.1.1,23.03,,,,relative_ratio;ni_equivalent,no,"SAND2012-7321 (San Marchi & Somerday), chapter 2101 Table 3.1.1.1. Precharged 69 MPa H2, 430 K, 1000 h. Ref [3]."
SAND2012-ch2103-1,S2,San Marchi 2012,316,,300-series (316/317 type),unknown,no,base metal,,,,gaseous in-situ,69.0,,,295.0,21.9,,tensile,reduction of area,helium,78.0,77.0,0.987,no measurable loss,,,,,,,,,,,,,,,,,relative_ratio,no,"SAND2012-7321 chapter 2103 Table 3.1.1.1. Ref [1,27]."
SAND2012-ch2103-2,S2,San Marchi 2012,316,W69,300-series (316/317 type),bar,no,base metal,,,,gaseous in-situ,69.0,,,295.0,21.9,0.00067,tensile,reduction of area,helium,72.0,75.0,1.042,no measurable loss,0.05,0.56,1.73,17.52,12.45,2.67,,0.22,,,heat_analysis,SAND2012-7321 chapter 2103 Table 1.1.1,29.1,,-37.0,N taken as 0 for the derived values,relative_ratio;ni_equivalent;md30_calculated,no,"SAND2012-7321 chapter 2103 Table 3.1.1.1. Cold drawn rod; no loss. Ref [26,28]."
SAND2012-ch2103-3,S2,San Marchi 2012,316,O76,300-series (316/317 type),plate,no,base metal,,,,gaseous in-situ,69.0,,,295.0,21.9,0.003,tensile,reduction of area,air,78.0,77.0,0.987,no measurable loss,0.061,0.71,1.56,17.41,13.51,2.53,,,,,heat_analysis,SAND2012-7321 chapter 2103 Table 1.1.1,29.96,,-48.0,N taken as 0 for the derived values,relative_ratio;ni_equivalent;md30_calculated,no,SAND2012-7321 chapter 2103 Table 3.1.1.1. Annealed plate. Ref [2].
SAND2012-ch2103-4,S2,San Marchi 2012,316,,300-series (316/317 type),sheet,no,base metal,,,,gaseous in-situ,70.0,,,295.0,21.9,0.0006,tensile,reduction of area,helium,70.0,75.0,1.071,no measurable loss,,,,,,,,,,,,,,,,,relative_ratio,no,SAND2012-7321 chapter 2103 Table 3.1.1.1. Annealed sheet; He reference. Ref [23].
SAND2012-ch2103-5,S2,San Marchi 2012,316,R84,300-series (316/317 type),sheet,no,base metal,,,,gaseous precharge,0.5,6.0,170.0,295.0,21.9,0.0005,tensile,elongation,argon,63.0,51.0,0.81,moderate loss,0.029,0.6,1.4,17.7,10.2,1.6,,,,,heat_analysis,SAND2012-7321 chapter 2103 Table 1.1.1,25.32,,13.8,N taken as 0 for the derived values,relative_ratio;ni_equivalent;md30_calculated,no,"SAND2012-7321 chapter 2103 Table 3.1.1.1. Sensitized thin sheet; precharged 0.5 MPa H2 873 K 170 h (~6 wppm), argon-exposed reference. Ref [14]."
SAND2012-ch2103-W-EB,S2,San Marchi 2012,316 EB weld,,300-series (316/317 type),weld,yes,whole joint,laser,,,gaseous in-situ,70.0,,,295.0,21.9,0.0006,tensile,reduction of area,helium,70.0,70.0,1.0,no measurable loss,,,,,,,,,,,,,,,,,relative_ratio,no,"SAND2012-7321 chapter 2103 Table 4.3.1 (full-penetration butt welds, sheet). Ref [23]. Electron beam weld; no measurable loss."
SAND2012-ch2103-WN-EB,S2,San Marchi 2012,316 EB weld,,300-series (316/317 type),weld,yes,whole joint,laser,,,gaseous in-situ,70.0,,,295.0,21.9,0.0083,tensile,reduction of area,helium,65.0,60.0,0.923,moderate loss,,,,,,,,,,,,,,,,,relative_ratio,no,"SAND2012-7321 chapter 2103 Table 4.3.2, notched (V-notch 60 deg, 0.6 mm deep, root radius 0.05 mm) butt welds. Ref [23]. Electron beam weld, notched."
SAND2012-ch2103-W-GTA,S2,San Marchi 2012,316 GTA weld,,300-series (316/317 type),weld,yes,whole joint,GTAW,,,gaseous in-situ,70.0,,,295.0,21.9,0.0006,tensile,reduction of area,helium,70.0,70.0,1.0,no measurable loss,,,,,,,,,,,,,,,,,relative_ratio,no,"SAND2012-7321 chapter 2103 Table 4.3.1 (full-penetration butt welds, sheet). Ref [23]. GTA weld; no measurable loss."
SAND2012-ch2103-WN-GTA,S2,San Marchi 2012,316 GTA weld,,300-series (316/317 type),weld,yes,whole joint,GTAW,,,gaseous in-situ,70.0,,,295.0,21.9,0.0083,tensile,reduction of area,helium,70.0,65.0,0.929,moderate loss,,,,,,,,,,,,,,,,,relative_ratio,no,"SAND2012-7321 chapter 2103 Table 4.3.2, notched (V-notch 60 deg, 0.6 mm deep, root radius 0.05 mm) butt welds. Ref [23]. GTA weld, notched."
FUKU24-316CW-RA,S8,Fukunaga 2024,316 cold worked (SUS316CW),,300-series (316/317 type),tube,no,base metal,,,,gaseous in-situ,70.0,7.8,,233.0,-40.1,,SSRT,reduction of area,nitrogen,85.0,78.0,0.918,moderate loss,0.066,0.42,1.67,16.87,12.34,2.49,0.069,0.01,,,heat_analysis,"Fukunaga, Eng. Fail. Anal. 160 (2024) 108158, Table 1",28.48,28.5,-61.2,,relative_ratio;ni_equivalent;md30_calculated,no,"Fukunaga, Engineering Failure Analysis 160 (2024) 108158. SSRT on piping removed from a hydrogen refuelling station after two years of service. 20-25% cold work, 7.8 wppm pre-contained hydrogen; 70 MPa H2 at -40 C vs nitrogen at -40 C. Nieq 28.5."
NAKA18-BM,S5,Nakamura 2018,316 hi-Ni,,300-series (316/317 type),bar,no,base metal,,,,gaseous in-situ,106.0,,,228.0,-45.1,,tensile,reduction of area,nitrogen,83.0,85.0,1.024,no measurable loss,0.07,0.48,1.74,16.95,13.53,2.51,,,,,heat_analysis,"Nakamura et al., Trans. JSME 84 (2018) 17-00437, Table 1",29.88,,-45.0,N taken as 0 for the derived values,relative_ratio;ni_equivalent;md30_calculated,no,"Nakamura et al., Trans. JSME 84(857) 2018, DOI 10.1299/transjsme.17-00437. SSRT at -45 C in 106 MPa H2 gas, reference 0.1 MPa nitrogen. TIG multipass welded round bar, gauge entirely weld metal (6 mm dia, 30 mm). base metal, no loss (RRA 1.02 as reported)"
MICHLER09-S7,S4,Michler 2009,316L,,300-series (316/317 type),bar,no,base metal,,,,gaseous in-situ,1.0,,,323.0,49.9,,tensile,reduction of area,helium,83.0,63.0,0.759,significant loss,0.019,0.49,1.41,17.13,12.19,2.05,0.019,,,,heat_analysis,"Michler et al., Int. J. Hydrogen Energy 34 (2009) 3201, Table 1 (mill 3.1B certificate)",27.22,,-8.9,,relative_ratio;ni_equivalent;md30_calculated,no,"Michler et al. 2009 Table 2. Tested in 1 MPa H2 vs 1 MPa He at 50 C. Steel 7, drawn bar; duplex string-like alpha'/gamma after straining. bar, longitudinal orientation."
MICHLER09-S8,S4,Michler 2009,316L,,300-series (316/317 type),plate,no,base metal,,,,gaseous in-situ,1.0,,,323.0,49.9,,tensile,reduction of area,helium,80.0,43.0,0.537,significant loss,0.016,0.68,1.19,17.4,12.15,2.057,0.026,,,,heat_analysis,"Michler et al., Int. J. Hydrogen Energy 34 (2009) 3201, Table 1 (mill 3.1B certificate)",27.16,,-14.2,,relative_ratio;ni_equivalent;md30_calculated,no,"Michler et al. 2009 Table 2. Tested in 1 MPa H2 vs 1 MPa He at 50 C. Steel 8, rolled plate; layered alpha'-gamma from Ni macro-segregation 9.5-13 wt%. plate, transverse orientation."
NAKA18-AW,S5,Nakamura 2018,317L weld metal,,300-series (316/317 type),weld,yes,weld metal,GTAW,317L,,gaseous in-situ,106.0,,,228.0,-45.1,,tensile,reduction of area,nitrogen,58.0,32.0,0.552,significant loss,0.011,0.44,1.56,18.59,13.06,3.04,,0.14,,,heat_analysis,"Nakamura et al., Trans. JSME 84 (2018) 17-00437, Table 2",30.05,,,N taken as 0 for the derived values,relative_ratio;ni_equivalent,no,"Nakamura et al., Trans. JSME 84(857) 2018, DOI 10.1299/transjsme.17-00437. SSRT at -45 C in 106 MPa H2 gas, reference 0.1 MPa nitrogen. TIG multipass welded round bar, gauge entirely weld metal (6 mm dia, 30 mm). as-welded, columnar dendrites with delta-ferrite; RRA 0.55 as reported; lamellar weld fracture surface"
NAKA18-ST,S5,Nakamura 2018,317L weld metal,,300-series (316/317 type),weld,yes,weld metal,GTAW,317L,,gaseous in-situ,106.0,,,228.0,-45.1,,tensile,reduction of area,nitrogen,84.0,76.0,0.905,moderate loss,0.011,0.44,1.56,18.59,13.06,3.04,,0.14,,,heat_analysis,"Nakamura et al., Trans. JSME 84 (2018) 17-00437, Table 2",30.05,,,N taken as 0 for the derived values,relative_ratio;ni_equivalent,no,"Nakamura et al., Trans. JSME 84(857) 2018, DOI 10.1299/transjsme.17-00437. SSRT at -45 C in 106 MPa H2 gas, reference 0.1 MPa nitrogen. TIG multipass welded round bar, gauge entirely weld metal (6 mm dia, 30 mm). post-weld solution treated, delta-ferrite removed; RRA 0.90 as reported"
SAND2012-ch2104-W73,S2,San Marchi 2012,321,W73,300-series stabilised (321/347),unknown,no,base metal,,,,gaseous in-situ,34.5,,,295.0,21.9,6.7e-05,tensile,reduction of area,helium,66.0,60.0,0.909,moderate loss,0.06,0.58,1.46,17.8,10.45,,,,,0.51,heat_analysis,SAND2012-7321 chapter 2104 Table 1.1.2,24.51,,25.0,"Mo, N taken as 0 for the derived values",relative_ratio;ni_equivalent;md30_calculated,no,SAND2012-7321 chapter 2104 Table 3.1.1.1. Type 321. Ref [8].
SAND2012-ch2104-H73,S2,San Marchi 2012,347,H73,300-series stabilised (321/347),unknown,no,base metal,,,,gaseous in-situ,34.5,,,295.0,21.9,0.00067,tensile,reduction of area,helium,70.0,71.0,1.014,no measurable loss,0.06,0.94,2.0,18.4,10.1,,,,0.83,,heat_analysis,SAND2012-7321 chapter 2104 Table 1.1.2,25.25,,12.4,"Mo, N taken as 0 for the derived values",relative_ratio;ni_equivalent;md30_calculated,no,SAND2012-7321 chapter 2104 Table 3.1.1.1. Type 347; no loss. Ref [7].
SAND2012-ch2104-L72,S2,San Marchi 2012,347,L72,300-series stabilised (321/347),unknown,no,base metal,,,,gaseous in-situ,69.0,,,295.0,21.9,,tensile,reduction of area,helium,80.0,37.0,0.463,significant loss,,,,,,,,,,,,,,,,,relative_ratio,no,"SAND2012-7321 chapter 2104 Table 3.1.1.1. Type 347, composition not reported; large loss, an outlier among stabilized grades. Ref [13,14]."
CASKEY-T11-1-PS,S1,Caskey 1983,21-6-9,,N-strengthened (21-6-9),unknown,no,base metal,,,,gaseous precharge,30.0,,,295.0,21.9,,tensile,plastic strain to failure,uncharged,1.2,0.76,0.633,significant loss,0.015,0.24,9.01,20.32,6.71,,0.35,,,,heat_analysis,Caskey DP-1643 Appendix D Data Sheet D-5,29.65,,,Mo taken as 0 for the derived values,relative_ratio;ni_equivalent,no,"Caskey Table 11, HERF; 30 MPa H2 at 480 K for 56 days then aged 7 years at 250 K; reference = unexposed Composition from Caskey Table A-1 (nominal)."
CASKEY-T3-5-EL,S1,Caskey 1983,21-6-9,,N-strengthened (21-6-9),unknown,no,base metal,,,,gaseous in-situ,69.0,,,295.0,21.9,,tensile,elongation,helium,58.0,59.0,1.017,no measurable loss,0.015,0.24,9.01,20.32,6.71,,0.35,,,,heat_analysis,Caskey DP-1643 Appendix D Data Sheet D-5,29.65,,,Mo taken as 0 for the derived values,relative_ratio;ni_equivalent,yes,"Caskey DP-1643 Table 3. Condition: annealed. Reference environment 69 MPa helium, not air. Composition from Caskey Table A-1 (nominal)."
CASKEY-T3-5-RA,S1,Caskey 1983,21-6-9,,N-strengthened (21-6-9),unknown,no,base metal,,,,gaseous in-situ,69.0,,,295.0,21.9,,tensile,reduction of area,helium,78.0,77.0,0.987,no measurable loss,0.015,0.24,9.01,20.32,6.71,,0.35,,,,heat_analysis,Caskey DP-1643 Appendix D Data Sheet D-5,29.65,,,Mo taken as 0 for the derived values,relative_ratio;ni_equivalent,yes,"Caskey DP-1643 Table 3. Condition: annealed. Reference environment 69 MPa helium, not air. Composition from Caskey Table A-1 (nominal)."
CASKEY-T3-6-EL,S1,Caskey 1983,21-6-9,,N-strengthened (21-6-9),unknown,no,base metal,,,,gaseous in-situ,69.0,,,295.0,21.9,,tensile,elongation,helium,34.0,30.0,0.882,moderate loss,0.015,0.24,9.01,20.32,6.71,,0.35,,,,heat_analysis,Caskey DP-1643 Appendix D Data Sheet D-5,29.65,,,Mo taken as 0 for the derived values,relative_ratio;ni_equivalent,yes,"Caskey DP-1643 Table 3. Condition: HERF. Reference environment 69 MPa helium, not air. Composition from Caskey Table A-1 (nominal)."
CASKEY-T3-6-RA,S1,Caskey 1983,21-6-9,,N-strengthened (21-6-9),unknown,no,base metal,,,,gaseous in-situ,69.0,,,295.0,21.9,,tensile,reduction of area,helium,75.0,73.0,0.973,no measurable loss,0.015,0.24,9.01,20.32,6.71,,0.35,,,,heat_analysis,Caskey DP-1643 Appendix D Data Sheet D-5,29.65,,,Mo taken as 0 for the derived values,relative_ratio;ni_equivalent,yes,"Caskey DP-1643 Table 3. Condition: HERF. Reference environment 69 MPa helium, not air. Composition from Caskey Table A-1 (nominal)."
SAND2012-ch2202-T431-B1-EL,S2,San Marchi 2012,21-6-9/21-6-9 weld,,N-strengthened (21-6-9),weld,yes,whole joint,GTAW,21-6-9,,gaseous in-situ,69.0,,,295.0,21.9,0.00033,tensile,elongation,air,19.0,22.0,1.158,no measurable loss,0.03,0.6,9.3,20.7,7.8,,0.27,,,,heat_analysis,SAND2012-7321 chapter 2202 Table 1.1.1,31.61,,,Mo taken as 0 for the derived values,relative_ratio;ni_equivalent,no,"SAND2012-7321 chapter 2202 Table 4.3.1. 21-6-9 HERF base with 21-6-9 filler, GTA composite weld, heat B83bw. Ref [24]. external hydrogen only"
SAND2012-ch2202-T431-B1-RA,S2,San Marchi 2012,21-6-9/21-6-9 weld,,N-strengthened (21-6-9),weld,yes,whole joint,GTAW,21-6-9,,gaseous in-situ,69.0,,,295.0,21.9,0.00033,tensile,reduction of area,air,60.0,75.0,1.25,no measurable loss,0.03,0.6,9.3,20.7,7.8,,0.27,,,,heat_analysis,SAND2012-7321 chapter 2202 Table 1.1.1,31.61,,,Mo taken as 0 for the derived values,relative_ratio;ni_equivalent,no,"SAND2012-7321 chapter 2202 Table 4.3.1. 21-6-9 HERF base with 21-6-9 filler, GTA composite weld, heat B83bw. Ref [24]. external hydrogen only"
SAND2012-ch2202-T431-B2-EL,S2,San Marchi 2012,21-6-9/21-6-9 weld,,N-strengthened (21-6-9),weld,yes,whole joint,GTAW,21-6-9,,gaseous in-situ,172.0,,,295.0,21.9,0.00033,tensile,elongation,air,19.0,20.0,1.053,no measurable loss,0.03,0.6,9.3,20.7,7.8,,0.27,,,,heat_analysis,SAND2012-7321 chapter 2202 Table 1.1.1,31.61,,,Mo taken as 0 for the derived values,relative_ratio;ni_equivalent,no,"SAND2012-7321 chapter 2202 Table 4.3.1. 21-6-9 HERF base with 21-6-9 filler, GTA composite weld, heat B83bw. Ref [24]. external hydrogen only"
SAND2012-ch2202-T431-B2-RA,S2,San Marchi 2012,21-6-9/21-6-9 weld,,N-strengthened (21-6-9),weld,yes,whole joint,GTAW,21-6-9,,gaseous in-situ,172.0,,,295.0,21.9,0.00033,tensile,reduction of area,air,60.0,69.0,1.15,no measurable loss,0.03,0.6,9.3,20.7,7.8,,0.27,,,,heat_analysis,SAND2012-7321 chapter 2202 Table 1.1.1,31.61,,,Mo taken as 0 for the derived values,relative_ratio;ni_equivalent,no,"SAND2012-7321 chapter 2202 Table 4.3.1. 21-6-9 HERF base with 21-6-9 filler, GTA composite weld, heat B83bw. Ref [24]. external hydrogen only"
SAND2012-ch2202-T431-B3-EL,S2,San Marchi 2012,21-6-9/21-6-9 weld,,N-strengthened (21-6-9),weld,yes,whole joint,GTAW,21-6-9,,gaseous precharge,0.1,45.0,240.0,295.0,21.9,0.00033,tensile,elongation,air,19.0,18.0,0.947,moderate loss,0.03,0.6,9.3,20.7,7.8,,0.27,,,,heat_analysis,SAND2012-7321 chapter 2202 Table 1.1.1,31.61,,,Mo taken as 0 for the derived values,relative_ratio;ni_equivalent,no,"SAND2012-7321 chapter 2202 Table 4.3.1. 21-6-9 HERF base with 21-6-9 filler, GTA composite weld, heat B83bw. Ref [24]. precharged then tested"
SAND2012-ch2202-T431-B3-RA,S2,San Marchi 2012,21-6-9/21-6-9 weld,,N-strengthened (21-6-9),weld,yes,whole joint,GTAW,21-6-9,,gaseous precharge,0.1,45.0,240.0,295.0,21.9,0.00033,tensile,reduction of area,air,60.0,56.0,0.933,moderate loss,0.03,0.6,9.3,20.7,7.8,,0.27,,,,heat_analysis,SAND2012-7321 chapter 2202 Table 1.1.1,31.61,,,Mo taken as 0 for the derived values,relative_ratio;ni_equivalent,no,"SAND2012-7321 chapter 2202 Table 4.3.1. 21-6-9 HERF base with 21-6-9 filler, GTA composite weld, heat B83bw. Ref [24]. precharged then tested"
SAND2012-ch2202-T431-B4-RA,S2,San Marchi 2012,21-6-9/21-6-9 weld,,N-strengthened (21-6-9),weld,yes,whole joint,GTAW,21-6-9,,gaseous precharge,69.0,45.0,240.0,295.0,21.9,0.00033,tensile,reduction of area,air,60.0,50.0,0.833,moderate loss,0.03,0.6,9.3,20.7,7.8,,0.27,,,,heat_analysis,SAND2012-7321 chapter 2202 Table 1.1.1,31.61,,,Mo taken as 0 for the derived values,relative_ratio;ni_equivalent,no,"SAND2012-7321 chapter 2202 Table 4.3.1. 21-6-9 HERF base with 21-6-9 filler, GTA composite weld, heat B83bw. Ref [24]. precharged then tested"
SAND2012-ch2202-T431-B5-EL,S2,San Marchi 2012,21-6-9/21-6-9 weld,,N-strengthened (21-6-9),weld,yes,whole joint,GTAW,21-6-9,,gaseous precharge,0.1,72.0,240.0,295.0,21.9,0.00033,tensile,elongation,air,19.0,16.0,0.842,moderate loss,0.03,0.6,9.3,20.7,7.8,,0.27,,,,heat_analysis,SAND2012-7321 chapter 2202 Table 1.1.1,31.61,,,Mo taken as 0 for the derived values,relative_ratio;ni_equivalent,no,"SAND2012-7321 chapter 2202 Table 4.3.1. 21-6-9 HERF base with 21-6-9 filler, GTA composite weld, heat B83bw. Ref [24]. precharged then tested"
SAND2012-ch2202-T431-B5-RA,S2,San Marchi 2012,21-6-9/21-6-9 weld,,N-strengthened (21-6-9),weld,yes,whole joint,GTAW,21-6-9,,gaseous precharge,0.1,72.0,240.0,295.0,21.9,0.00033,tensile,reduction of area,air,60.0,50.0,0.833,moderate loss,0.03,0.6,9.3,20.7,7.8,,0.27,,,,heat_analysis,SAND2012-7321 chapter 2202 Table 1.1.1,31.61,,,Mo taken as 0 for the derived values,relative_ratio;ni_equivalent,no,"SAND2012-7321 chapter 2202 Table 4.3.1. 21-6-9 HERF base with 21-6-9 filler, GTA composite weld, heat B83bw. Ref [24]. precharged then tested"
SAND2012-ch2202-T431-B6-EL,S2,San Marchi 2012,21-6-9/21-6-9 weld,,N-strengthened (21-6-9),weld,yes,whole joint,GTAW,21-6-9,,gaseous precharge,172.0,72.0,240.0,295.0,21.9,0.00033,tensile,elongation,air,19.0,17.0,0.895,moderate loss,0.03,0.6,9.3,20.7,7.8,,0.27,,,,heat_analysis,SAND2012-7321 chapter 2202 Table 1.1.1,31.61,,,Mo taken as 0 for the derived values,relative_ratio;ni_equivalent,no,"SAND2012-7321 chapter 2202 Table 4.3.1. 21-6-9 HERF base with 21-6-9 filler, GTA composite weld, heat B83bw. Ref [24]. precharged then tested"
SAND2012-ch2202-T431-B6-RA,S2,San Marchi 2012,21-6-9/21-6-9 weld,,N-strengthened (21-6-9),weld,yes,whole joint,GTAW,21-6-9,,gaseous precharge,172.0,72.0,240.0,295.0,21.9,0.00033,tensile,reduction of area,air,60.0,49.0,0.817,moderate loss,0.03,0.6,9.3,20.7,7.8,,0.27,,,,heat_analysis,SAND2012-7321 chapter 2202 Table 1.1.1,31.61,,,Mo taken as 0 for the derived values,relative_ratio;ni_equivalent,no,"SAND2012-7321 chapter 2202 Table 4.3.1. 21-6-9 HERF base with 21-6-9 filler, GTA composite weld, heat B83bw. Ref [24]. precharged then tested"
SAND2012-ch2202-T431-A1-EL,S2,San Marchi 2012,21-6-9/308L weld,,N-strengthened (21-6-9),weld,yes,whole joint,GTAW,ER308L,,gaseous in-situ,69.0,,,295.0,21.9,0.00033,tensile,elongation,air,14.0,14.0,1.0,no measurable loss,0.03,0.61,8.1,20.8,8.8,,0.17,,,,heat_analysis,SAND2012-7321 chapter 2202 Table 1.1.1,31.42,,,Mo taken as 0 for the derived values,relative_ratio;ni_equivalent,no,"SAND2012-7321 chapter 2202 Table 4.3.1. 21-6-9 HERF base with ER308L filler, GTA composite weld, heat B83aw. Ref [24]. external hydrogen only"
SAND2012-ch2202-T431-A1-RA,S2,San Marchi 2012,21-6-9/308L weld,,N-strengthened (21-6-9),weld,yes,whole joint,GTAW,ER308L,,gaseous in-situ,69.0,,,295.0,21.9,0.00033,tensile,reduction of area,air,54.0,57.0,1.056,no measurable loss,0.03,0.61,8.1,20.8,8.8,,0.17,,,,heat_analysis,SAND2012-7321 chapter 2202 Table 1.1.1,31.42,,,Mo taken as 0 for the derived values,relative_ratio;ni_equivalent,no,"SAND2012-7321 chapter 2202 Table 4.3.1. 21-6-9 HERF base with ER308L filler, GTA composite weld, heat B83aw. Ref [24]. external hydrogen only"
SAND2012-ch2202-T431-A2-EL,S2,San Marchi 2012,21-6-9/308L weld,,N-strengthened (21-6-9),weld,yes,whole joint,GTAW,ER308L,,gaseous in-situ,172.0,,,295.0,21.9,0.00033,tensile,elongation,air,14.0,15.0,1.071,no measurable loss,0.03,0.61,8.1,20.8,8.8,,0.17,,,,heat_analysis,SAND2012-7321 chapter 2202 Table 1.1.1,31.42,,,Mo taken as 0 for the derived values,relative_ratio;ni_equivalent,no,"SAND2012-7321 chapter 2202 Table 4.3.1. 21-6-9 HERF base with ER308L filler, GTA composite weld, heat B83aw. Ref [24]. external hydrogen only"
SAND2012-ch2202-T431-A2-RA,S2,San Marchi 2012,21-6-9/308L weld,,N-strengthened (21-6-9),weld,yes,whole joint,GTAW,ER308L,,gaseous in-situ,172.0,,,295.0,21.9,0.00033,tensile,reduction of area,air,54.0,61.0,1.13,no measurable loss,0.03,0.61,8.1,20.8,8.8,,0.17,,,,heat_analysis,SAND2012-7321 chapter 2202 Table 1.1.1,31.42,,,Mo taken as 0 for the derived values,relative_ratio;ni_equivalent,no,"SAND2012-7321 chapter 2202 Table 4.3.1. 21-6-9 HERF base with ER308L filler, GTA composite weld, heat B83aw. Ref [24]. external hydrogen only"
SAND2012-ch2202-T431-A3-EL,S2,San Marchi 2012,21-6-9/308L weld,,N-strengthened (21-6-9),weld,yes,whole joint,GTAW,ER308L,,gaseous precharge,0.1,45.0,240.0,295.0,21.9,0.00033,tensile,elongation,air,14.0,12.0,0.857,moderate loss,0.03,0.61,8.1,20.8,8.8,,0.17,,,,heat_analysis,SAND2012-7321 chapter 2202 Table 1.1.1,31.42,,,Mo taken as 0 for the derived values,relative_ratio;ni_equivalent,no,"SAND2012-7321 chapter 2202 Table 4.3.1. 21-6-9 HERF base with ER308L filler, GTA composite weld, heat B83aw. Ref [24]. precharged then tested"
SAND2012-ch2202-T431-A3-RA,S2,San Marchi 2012,21-6-9/308L weld,,N-strengthened (21-6-9),weld,yes,whole joint,GTAW,ER308L,,gaseous precharge,0.1,45.0,240.0,295.0,21.9,0.00033,tensile,reduction of area,air,54.0,49.0,0.907,moderate loss,0.03,0.61,8.1,20.8,8.8,,0.17,,,,heat_analysis,SAND2012-7321 chapter 2202 Table 1.1.1,31.42,,,Mo taken as 0 for the derived values,relative_ratio;ni_equivalent,no,"SAND2012-7321 chapter 2202 Table 4.3.1. 21-6-9 HERF base with ER308L filler, GTA composite weld, heat B83aw. Ref [24]. precharged then tested"
SAND2012-ch2202-T431-A4-RA,S2,San Marchi 2012,21-6-9/308L weld,,N-strengthened (21-6-9),weld,yes,whole joint,GTAW,ER308L,,gaseous precharge,69.0,45.0,240.0,295.0,21.9,0.00033,tensile,reduction of area,air,54.0,43.0,0.796,significant loss,0.03,0.61,8.1,20.8,8.8,,0.17,,,,heat_analysis,SAND2012-7321 chapter 2202 Table 1.1.1,31.42,,,Mo taken as 0 for the derived values,relative_ratio;ni_equivalent,no,"SAND2012-7321 chapter 2202 Table 4.3.1. 21-6-9 HERF base with ER308L filler, GTA composite weld, heat B83aw. Ref [24]. precharged then tested"
SAND2012-ch2202-T431-A5-EL,S2,San Marchi 2012,21-6-9/308L weld,,N-strengthened (21-6-9),weld,yes,whole joint,GTAW,ER308L,,gaseous precharge,0.1,72.0,240.0,295.0,21.9,0.00033,tensile,elongation,air,14.0,12.0,0.857,moderate loss,0.03,0.61,8.1,20.8,8.8,,0.17,,,,heat_analysis,SAND2012-7321 chapter 2202 Table 1.1.1,31.42,,,Mo taken as 0 for the derived values,relative_ratio;ni_equivalent,no,"SAND2012-7321 chapter 2202 Table 4.3.1. 21-6-9 HERF base with ER308L filler, GTA composite weld, heat B83aw. Ref [24]. precharged then tested"
SAND2012-ch2202-T431-A5-RA,S2,San Marchi 2012,21-6-9/308L weld,,N-strengthened (21-6-9),weld,yes,whole joint,GTAW,ER308L,,gaseous precharge,0.1,72.0,240.0,295.0,21.9,0.00033,tensile,reduction of area,air,54.0,44.0,0.815,moderate loss,0.03,0.61,8.1,20.8,8.8,,0.17,,,,heat_analysis,SAND2012-7321 chapter 2202 Table 1.1.1,31.42,,,Mo taken as 0 for the derived values,relative_ratio;ni_equivalent,no,"SAND2012-7321 chapter 2202 Table 4.3.1. 21-6-9 HERF base with ER308L filler, GTA composite weld, heat B83aw. Ref [24]. precharged then tested"
SAND2012-ch2202-T431-A6-EL,S2,San Marchi 2012,21-6-9/308L weld,,N-strengthened (21-6-9),weld,yes,whole joint,GTAW,ER308L,,gaseous precharge,172.0,72.0,240.0,295.0,21.9,0.00033,tensile,elongation,air,14.0,10.0,0.714,significant loss,0.03,0.61,8.1,20.8,8.8,,0.17,,,,heat_analysis,SAND2012-7321 chapter 2202 Table 1.1.1,31.42,,,Mo taken as 0 for the derived values,relative_ratio;ni_equivalent,no,"SAND2012-7321 chapter 2202 Table 4.3.1. 21-6-9 HERF base with ER308L filler, GTA composite weld, heat B83aw. Ref [24]. precharged then tested"
SAND2012-ch2202-T431-A6-RA,S2,San Marchi 2012,21-6-9/308L weld,,N-strengthened (21-6-9),weld,yes,whole joint,GTAW,ER308L,,gaseous precharge,172.0,72.0,240.0,295.0,21.9,0.00033,tensile,reduction of area,air,54.0,44.0,0.815,moderate loss,0.03,0.61,8.1,20.8,8.8,,0.17,,,,heat_analysis,SAND2012-7321 chapter 2202 Table 1.1.1,31.42,,,Mo taken as 0 for the derived values,relative_ratio;ni_equivalent,no,"SAND2012-7321 chapter 2202 Table 4.3.1. 21-6-9 HERF base with ER308L filler, GTA composite weld, heat B83aw. Ref [24]. precharged then tested"
SAND2012-ch2201-1,S2,San Marchi 2012,22-13-5,C83,N-strengthened (22-13-5),bar,no,base metal,,,,gaseous in-situ,69.0,,,295.0,21.9,,tensile,reduction of area,helium,74.0,73.0,0.986,no measurable loss,0.05,0.42,5.44,21.48,12.36,2.12,0.25,,0.19,,heat_analysis,SAND2012-7321 chapter 2201 Table 1.1.1,34.89,,,,relative_ratio;ni_equivalent,no,"SAND2012-7321 chapter 2201 Table 3.1.1.1 (22-13-5). As-received bar; no loss. Ref [6,9,18]."
SAND2012-ch2201-2,S2,San Marchi 2012,22-13-5,O76,N-strengthened (22-13-5),plate,no,base metal,,,,gaseous precharge,69.0,50.0,252.0,295.0,21.9,0.003,tensile,reduction of area,air,67.0,68.0,1.015,no measurable loss,0.05,0.36,4.68,23.0,12.98,1.75,0.38,,,,heat_analysis,SAND2012-7321 chapter 2201 Table 1.1.1,35.31,,,,relative_ratio;ni_equivalent,no,"SAND2012-7321 chapter 2201 Table 3.1.1.1 (22-13-5). Annealed plate, precharged 24 MPa 473 K 10.5 d (~50 wppm) then tested in 69 MPa H2; no loss."
SAND2012-ch2201-3,S2,San Marchi 2012,22-13-5,O75,N-strengthened (22-13-5),bar,no,base metal,,,,gaseous in-situ,69.0,,,295.0,21.9,0.0003,tensile,reduction of area,air,66.0,67.0,1.015,no measurable loss,0.05,0.5,5.26,22.15,12.74,2.2,0.34,,0.23,,heat_analysis,SAND2012-7321 chapter 2201 Table 1.1.1,35.62,,,,relative_ratio;ni_equivalent,no,SAND2012-7321 chapter 2201 Table 3.1.1.1 (22-13-5). Warm-worked bar; no loss. Ref [17].
SAND2012-ch2201-4,S2,San Marchi 2012,22-13-5 HERF,O75,N-strengthened (22-13-5),bar,no,base metal,,,,gaseous in-situ,69.0,,,295.0,21.9,0.0003,tensile,reduction of area,air,20.0,29.5,1.475,no measurable loss,0.05,0.5,5.26,22.15,12.74,2.2,0.34,,0.23,,heat_analysis,SAND2012-7321 chapter 2201 Table 1.1.1,35.62,,,,relative_ratio;ni_equivalent,no,SAND2012-7321 chapter 2201 Table 3.1.1.1 (22-13-5). HERF; low ductility in both environments. Ref [17].
CASKEY-T3-3-EL,S1,Caskey 1983,310,,high-Ni austenitic (310),unknown,no,base metal,,,,gaseous in-situ,69.0,,,295.0,21.9,,tensile,elongation,helium,67.0,66.0,0.985,no measurable loss,0.25,,,25.0,20.0,,,,,,nominal,Caskey DP-1643 Table A-1,,,,,relative_ratio,yes,"Caskey DP-1643 Table 3. Condition: annealed. Reference environment 69 MPa helium, not air. stable austenite Composition from Caskey Table A-1 (nominal)."
CASKEY-T3-3-RA,S1,Caskey 1983,310,,high-Ni austenitic (310),unknown,no,base metal,,,,gaseous in-situ,69.0,,,295.0,21.9,,tensile,reduction of area,helium,82.0,79.0,0.963,no measurable loss,0.25,,,25.0,20.0,,,,,,nominal,Caskey DP-1643 Table A-1,,,,,relative_ratio,yes,"Caskey DP-1643 Table 3. Condition: annealed. Reference environment 69 MPa helium, not air. stable austenite Composition from Caskey Table A-1 (nominal)."
CASKEY-T3-4-EL,S1,Caskey 1983,310,,high-Ni austenitic (310),unknown,no,base metal,,,,gaseous in-situ,69.0,,,295.0,21.9,,tensile,elongation,helium,21.0,24.0,1.143,no measurable loss,0.25,,,25.0,20.0,,,,,,nominal,Caskey DP-1643 Table A-1,,,,,relative_ratio,yes,"Caskey DP-1643 Table 3. Condition: HERF. Reference environment 69 MPa helium, not air. stable austenite Composition from Caskey Table A-1 (nominal)."
CASKEY-T3-4-RA,S1,Caskey 1983,310,,high-Ni austenitic (310),unknown,no,base metal,,,,gaseous in-situ,69.0,,,295.0,21.9,,tensile,reduction of area,helium,71.0,70.0,0.986,no measurable loss,0.25,,,25.0,20.0,,,,,,nominal,Caskey DP-1643 Table A-1,,,,,relative_ratio,yes,"Caskey DP-1643 Table 3. Condition: HERF. Reference environment 69 MPa helium, not air. stable austenite Composition from Caskey Table A-1 (nominal)."
SAND2012-ch1600-ANN,S2,San Marchi 2012,2507 duplex,S07,duplex,unknown,no,base metal,,,,gaseous precharge,138.0,125.0,240.0,295.0,21.9,0.0012,tensile,reduction of area,uncharged,85.0,46.0,0.541,significant loss,0.011,0.25,0.46,25.22,6.94,3.9,0.287,,,,heat_analysis,SAND2012-7321 chapter 1600 Table 1.1.2,,,,,relative_ratio,no,"SAND2012-7321 chapter 1600 Table 3.1.1.1. Duplex 2507; precharged 138 MPa H2, 573 K, 240 h to saturation (125 wppm), tested in air. Ref [6]. Annealed."
SAND2012-ch1600-SH,S2,San Marchi 2012,2507 duplex,S07,duplex,unknown,no,base metal,,,,gaseous precharge,138.0,125.0,240.0,295.0,21.9,0.0012,tensile,reduction of area,uncharged,80.0,25.0,0.312,significant loss,0.011,0.25,0.46,25.22,6.94,3.9,0.287,,,,heat_analysis,SAND2012-7321 chapter 1600 Table 1.1.2,,,,,relative_ratio,no,"SAND2012-7321 chapter 1600 Table 3.1.1.1. Duplex 2507; precharged 138 MPa H2, 573 K, 240 h to saturation (125 wppm), tested in air. Ref [6]. Strain-hardened."
FUKU24-A286-EL,S8,Fukunaga 2024,A286 (Fe-base superalloy),,precipitation-strengthened (A286),tube,no,base metal,,,,gaseous in-situ,70.0,,,423.0,149.9,,SSRT,elongation,air,23.0,20.0,0.87,moderate loss,0.037,0.11,0.38,13.64,24.01,1.08,0.004,0.16,,,heat_analysis,"Fukunaga, Eng. Fail. Anal. 160 (2024) 108158, Table 1",34.84,34.8,,,relative_ratio;ni_equivalent,no,"Fukunaga, Engineering Failure Analysis 160 (2024) 108158. SSRT on piping removed from a hydrogen refuelling station after two years of service. Elongation at break, 70 MPa H2 at 150 C vs air."
FUKU24-A286-RA,S8,Fukunaga 2024,A286 (Fe-base superalloy),,precipitation-strengthened (A286),tube,no,base metal,,,,gaseous in-situ,70.0,,,423.0,149.9,,SSRT,reduction of area,air,57.0,29.0,0.509,significant loss,0.037,0.11,0.38,13.64,24.01,1.08,0.004,0.16,,,heat_analysis,"Fukunaga, Eng. Fail. Anal. 160 (2024) 108158, Table 1",34.84,34.8,,,relative_ratio;ni_equivalent,no,"Fukunaga, Engineering Failure Analysis 160 (2024) 108158. SSRT on piping removed from a hydrogen refuelling station after two years of service. Precipitation-strengthened iron-base superalloy, not an austenitic stainless steel; 70 MPa H2 at 150 C vs air. RRA reported as 51%. Nieq 34.8."
