record_id,comp_key
CASKEY-T3-1-RA,CASKEY-304L
CASKEY-T3-1-EL,CASKEY-304L
CASKEY-T3-2-RA,CASKEY-304L
CASKEY-T3-2-EL,CASKEY-304L
CASKEY-T3-3-RA,CASKEY-310-NOM
CASKEY-T3-3-EL,CASKEY-310-NOM
CASKEY-T3-4-RA,CASKEY-310-NOM
CASKEY-T3-4-EL,CASKEY-310-NOM
CASKEY-T3-5-RA,CASKEY-N40
CASKEY-T3-5-EL,CASKEY-N40
CASKEY-T3-6-RA,CASKEY-N40
CASKEY-T3-6-EL,CASKEY-N40
CASKEY-T6-1-TS,CASKEY-304L
CASKEY-T6-1-PS,CASKEY-304L
CASKEY-T6-2-TS,CASKEY-304L
CASKEY-T6-2-PS,CASKEY-304L
CASKEY-T10-1-PS,CASKEY-304L
CASKEY-T10-1-EL,CASKEY-304L
CASKEY-T11-1-PS,CASKEY-N40
BALCH15-LONG-TOP-RA,BALCH-WELD
BALCH15-LONG-TOP-EL,BALCH-WELD
BALCH15-LONG-CENTER-RA,BALCH-WELD
BALCH15-LONG-CENTER-EL,BALCH-WELD
BALCH15-LONG-ROOT-RA,BALCH-WELD
BALCH15-LONG-ROOT-EL,BALCH-WELD
BALCH15-TRAN-TOP-RA,BALCH-WELD
BALCH15-TRAN-TOP-EL,BALCH-WELD
BALCH15-TRAN-CENTER-RA,BALCH-WELD
BALCH15-TRAN-CENTER-EL,BALCH-WELD
BALCH15-TRAN-ROOT-RA,BALCH-WELD
BALCH15-TRAN-ROOT-EL,BALCH-WELD
SAND2012-ch2101-T3111-1,SAND-2101-W69
SAND2012-ch2101-T3111-4,SAND-2101-O76
SAND2012-ch2101-T3111-5,SAND-2101-C83
SAND2012-ch2101-T3111-6,SAND-2101-O76N
SAND2012-ch2101-T3111-8,SAND-2101-C83N
SAND2012-ch2101-T431-W1-RA,SAND-2101-B83w
SAND2012-ch2101-T431-W1-EL,SAND-2101-B83w
SAND2012-ch2101-T431-W2-RA,SAND-2101-B83w
SAND2012-ch2101-T431-W2-EL,SAND-2101-B83w
SAND2012-ch2101-T431-W3-RA,SAND-2101-B83w
SAND2012-ch2101-T431-W3-EL,SAND-2101-B83w
SAND2012-ch2101-T431-W4-RA,SAND-2101-B83w
SAND2012-ch2101-T431-W4-EL,SAND-2101-B83w
SAND2012-ch2101-T431-W5-RA,SAND-2101-B83w
SAND2012-ch2101-T431-W5-EL,SAND-2101-B83w
SAND2012-ch2101-T431-W6-RA,SAND-2101-B83w
SAND2012-ch2101-T431-W6-EL,SAND-2101-B83w
SAND2012-ch2101-T432-FN47,SAND-2101-B83w
SAND2012-ch2101-T432-FN85,SAND-2101-B83w
SAND2012-ch2202-T431-A1-RA,SAND-2202-B83aw
SAND2012-ch2202-T431-A1-EL,SAND-2202-B83aw
SAND2012-ch2202-T431-A2-RA,SAND-2202-B83aw
SAND2012-ch2202-T431-A2-EL,SAND-2202-B83aw
SAND2012-ch2202-T431-A3-RA,SAND-2202-B83aw
SAND2012-ch2202-T431-A3-EL,SAND-2202-B83aw
SAND2012-ch2202-T431-A4-RA,SAND-2202-B83aw
SAND2012-ch2202-T431-A5-RA,SAND-2202-B83aw
SAND2012-ch2202-T431-A5-EL,SAND-2202-B83aw
SAND2012-ch2202-T431-A6-RA,SAND-2202-B83aw
SAND2012-ch2202-T431-A6-EL,SAND-2202-B83aw
SAND2012-ch2202-T431-B1-RA,SAND-2202-B83bw
SAND2012-ch2202-T431-B1-EL,SAND-2202-B83bw
SAND2012-ch2202-T431-B2-RA,SAND-2202-B83bw
SAND2012-ch2202-T431-B2-EL,SAND-2202-B83bw
SAND2012-ch2202-T431-B3-RA,SAND-2202-B83bw
SAND2012-ch2202-T431-B3-EL,SAND-2202-B83bw
SAND2012-ch2202-T431-B4-RA,SAND-2202-B83bw
SAND2012-ch2202-T431-B5-RA,SAND-2202-B83bw
SAND2012-ch2202-T431-B5-EL,SAND-2202-B83bw
SAND2012-ch2202-T431-B6-RA,SAND-2202-B83bw
SAND2012-ch2202-T431-B6-EL,SAND-2202-B83bw
SAND2012-ch2103-2,SAND-2103-W69
SAND2012-ch2103-3,SAND-2103-O76
SAND2012-ch2103-5,SAND-2103-R84
SAND2012-ch2104-W73,SAND-2104-W73
SAND2012-ch2104-H73,SAND-2104-H73
SAND2012-ch1600-ANN,SAND-1600-S07
SAND2012-ch1600-SH,SAND-1600-S07
SAND2012-ch2201-1,SAND-2201-C83
SAND2012-ch2201-2,SAND-2201-O76
SAND2012-ch2201-3,SAND-2201-O75
SAND2012-ch2201-4,SAND-2201-O75
MICHLER09-S7,MICHLER-S7
MICHLER09-S8,MICHLER-S8
NAKA18-BM,NAKA-P
NAKA18-AW,NAKA-a
NAKA18-ST,NAKA-a
YOUNES13-TIG-57,YOUNES-TIG
YOUNES13-TIG-110,YOUNES-TIG
YOUNES13-TIG-160,YOUNES-TIG
YOUNES13-EB-57,YOUNES-EB
YOUNES13-EB-110,YOUNES-EB
YOUNES13-EB-160,YOUNES-EB
YOUNES13-BASE-57,YOUNES-BASE
YOUNES13-BASE-110,YOUNES-BASE
YOUNES13-BASE-160,YOUNES-BASE
IYER89-EL,IYER-304
IYER89-TS,IYER-304
FUKU24-316CW-RA,FUKU-316CW
FUKU24-A286-RA,FUKU-A286
FUKU24-A286-EL,FUKU-A286
